page,index,filename,width,height
1,1,page_001_img_1.png,1624,1295
3,1,page_003_img_1.png,787,205
13,1,page_013_img_1.png,34,32
13,2,page_013_img_2.png,503,359
13,3,page_013_img_3.png,637,285
14,1,page_014_img_1.png,14,14
14,2,page_014_img_2.png,295,100
14,3,page_014_img_3.png,416,101
15,1,page_015_img_1.png,702,259
16,1,page_016_img_1.png,207,15
16,2,page_016_img_2.png,13,11
16,3,page_016_img_3.png,25,11
16,4,page_016_img_4.png,11,10
16,5,page_016_img_5.png,11,12
16,6,page_016_img_6.png,28,9
16,7,page_016_img_7.png,26,11
17,1,page_017_img_1.png,626,331
18,1,page_018_img_1.png,14,18
18,2,page_018_img_2.png,527,227
18,3,page_018_img_3.png,638,285
19,1,page_019_img_1.png,550,178
19,2,page_019_img_2.png,86,16
19,3,page_019_img_3.png,18,14
19,4,page_019_img_4.png,16,14
19,5,page_019_img_5.png,15,14
19,6,page_019_img_6.png,13,13
19,7,page_019_img_7.png,14,11
21,1,page_021_img_1.png,550,178
22,1,page_022_img_1.png,734,238
22,2,page_022_img_2.png,15,12
22,3,page_022_img_3.png,14,15
23,1,page_023_img_1.png,548,201
23,2,page_023_img_2.png,567,184
24,1,page_024_img_1.png,734,238
24,2,page_024_img_2.png,560,182
25,1,page_025_img_1.png,22,22
25,2,page_025_img_2.png,223,149
25,3,page_025_img_3.png,558,179
25,4,page_025_img_4.png,25,20
26,1,page_026_img_1.png,526,178
26,2,page_026_img_2.png,560,183
28,1,page_028_img_1.png,561,182
28,2,page_028_img_2.png,296,240
30,1,page_030_img_1.png,468,152
31,1,page_031_img_1.png,308,20
31,2,page_031_img_2.png,386,24
31,3,page_031_img_3.png,637,285
32,1,page_032_img_1.png,295,244
32,2,page_032_img_2.png,340,221
33,1,page_033_img_1.png,341,221
33,2,page_033_img_2.png,467,151
34,1,page_034_img_1.png,295,244
34,2,page_034_img_2.png,340,221
35,1,page_035_img_1.png,213,97
35,2,page_035_img_2.png,308,200
36,1,page_036_img_1.png,467,151
36,2,page_036_img_2.png,608,292
37,1,page_037_img_1.png,467,151
37,2,page_037_img_2.png,520,54
37,3,page_037_img_3.png,520,58
38,1,page_038_img_1.png,582,173
39,1,page_039_img_1.png,467,151
40,1,page_040_img_1.png,467,151
41,1,page_041_img_1.png,340,221
41,2,page_041_img_2.png,467,151
42,1,page_042_img_1.png,340,221
42,2,page_042_img_2.png,341,222
42,3,page_042_img_3.png,342,223
43,1,page_043_img_1.png,340,221
43,2,page_043_img_2.png,337,218
44,1,page_044_img_1.png,340,221
44,2,page_044_img_2.png,341,222
45,1,page_045_img_1.png,340,221
46,1,page_046_img_1.png,248,375
46,2,page_046_img_2.png,309,319
48,1,page_048_img_1.png,248,375
48,2,page_048_img_2.png,336,375
50,1,page_050_img_1.png,550,178
51,1,page_051_img_1.png,15,16
51,2,page_051_img_2.png,539,207
51,3,page_051_img_3.png,550,178
52,1,page_052_img_1.png,550,178
52,2,page_052_img_2.png,550,178
53,1,page_053_img_1.png,1008,651
54,1,page_054_img_1.png,550,178
54,2,page_054_img_2.png,550,178
55,1,page_055_img_1.png,550,178
55,2,page_055_img_2.png,584,240
56,1,page_056_img_1.png,631,309
56,2,page_056_img_2.png,550,178
57,1,page_057_img_1.png,495,161
58,1,page_058_img_1.png,495,161
59,1,page_059_img_1.png,550,179
60,1,page_060_img_1.png,550,179
60,2,page_060_img_2.png,550,179
61,1,page_061_img_1.png,560,207
62,1,page_062_img_1.png,550,216
63,1,page_063_img_1.png,447,271
63,2,page_063_img_2.png,448,259
64,1,page_064_img_1.png,551,180
64,2,page_064_img_2.png,550,178
65,1,page_065_img_1.png,499,161
66,1,page_066_img_1.png,550,179
67,1,page_067_img_1.png,28,9
67,2,page_067_img_2.png,26,11
67,3,page_067_img_3.png,550,179
68,1,page_068_img_1.png,626,272
68,2,page_068_img_2.png,637,285
69,1,page_069_img_1.png,28,9
69,2,page_069_img_2.png,26,11
69,3,page_069_img_3.png,550,178
70,1,page_070_img_1.png,632,267
70,2,page_070_img_2.png,631,265
70,3,page_070_img_3.png,468,152
71,1,page_071_img_1.png,550,178
72,1,page_072_img_1.png,42,17
72,2,page_072_img_2.png,467,151
73,1,page_073_img_1.png,25,14
73,2,page_073_img_2.png,676,274
73,3,page_073_img_3.png,467,151
74,1,page_074_img_1.png,25,11
74,2,page_074_img_2.png,467,151
75,1,page_075_img_1.png,62,17
75,2,page_075_img_2.png,25,14
75,3,page_075_img_3.png,19,22
75,4,page_075_img_4.png,25,20
76,1,page_076_img_1.png,19,22
76,2,page_076_img_2.png,26,27
76,3,page_076_img_3.png,550,178
76,4,page_076_img_4.png,585,206
77,1,page_077_img_1.png,13,15
77,2,page_077_img_2.png,37,19
77,3,page_077_img_3.png,62,17
77,4,page_077_img_4.png,467,151
78,1,page_078_img_1.png,467,151
78,2,page_078_img_2.png,467,151
79,1,page_079_img_1.png,800,600
79,2,page_079_img_2.png,550,178
79,3,page_079_img_3.png,467,151
80,1,page_080_img_1.png,550,179
80,2,page_080_img_2.png,440,250
81,1,page_081_img_1.png,279,92
81,2,page_081_img_2.png,469,153
82,1,page_082_img_1.png,550,179
82,2,page_082_img_2.png,518,293
82,3,page_082_img_3.png,550,179
83,1,page_083_img_1.png,550,179
83,2,page_083_img_2.png,441,250
84,1,page_084_img_1.png,284,99
85,1,page_085_img_1.png,550,178
86,1,page_086_img_1.png,550,178
86,2,page_086_img_2.png,12,12
87,1,page_087_img_1.png,550,178
87,2,page_087_img_2.png,12,12
88,1,page_088_img_1.png,468,152
89,1,page_089_img_1.png,41,20
89,2,page_089_img_2.png,550,178
89,3,page_089_img_3.png,800,600
90,1,page_090_img_1.png,550,178
90,2,page_090_img_2.png,550,178
90,3,page_090_img_3.png,36,17
91,1,page_091_img_1.png,467,151
91,2,page_091_img_2.png,554,358
92,1,page_092_img_1.png,550,178
92,2,page_092_img_2.png,36,39
93,1,page_093_img_1.png,550,178
93,2,page_093_img_2.png,46,31
94,1,page_094_img_1.png,550,178
94,2,page_094_img_2.png,12,13
94,3,page_094_img_3.png,11,15
94,4,page_094_img_4.png,11,12
94,5,page_094_img_5.png,9,13
95,1,page_095_img_1.png,550,178
95,2,page_095_img_2.png,468,152
96,1,page_096_img_1.png,18,13
96,2,page_096_img_2.png,17,14
96,3,page_096_img_3.png,16,13
96,4,page_096_img_4.png,467,151
97,1,page_097_img_1.png,23,18
97,2,page_097_img_2.png,20,16
97,3,page_097_img_3.png,629,274
98,1,page_098_img_1.png,30,39
98,2,page_098_img_2.png,550,178
98,3,page_098_img_3.png,550,178
99,1,page_099_img_1.png,23,18
99,2,page_099_img_2.png,18,15
99,3,page_099_img_3.png,19,14
99,4,page_099_img_4.png,20,16
99,5,page_099_img_5.png,467,151
100,1,page_100_img_1.png,18,15
100,2,page_100_img_2.png,19,14
100,3,page_100_img_3.png,23,18
100,4,page_100_img_4.png,20,16
100,5,page_100_img_5.png,15,20
100,6,page_100_img_6.png,18,17
100,7,page_100_img_7.png,550,178
100,8,page_100_img_8.png,599,261
101,1,page_101_img_1.png,550,178
101,2,page_101_img_2.png,12,13
101,3,page_101_img_3.png,550,178
102,1,page_102_img_1.png,19,14
102,2,page_102_img_2.png,12,13
102,3,page_102_img_3.png,13,13
102,4,page_102_img_4.png,550,178
102,5,page_102_img_5.png,12,13
102,6,page_102_img_6.png,550,178
103,1,page_103_img_1.png,19,14
103,2,page_103_img_2.png,12,13
103,3,page_103_img_3.png,13,13
103,4,page_103_img_4.png,550,178
104,1,page_104_img_1.png,447,166
104,2,page_104_img_2.png,548,174
105,1,page_105_img_1.png,494,158
106,1,page_106_img_1.png,549,179
106,2,page_106_img_2.png,510,391
107,1,page_107_img_1.png,550,178
107,2,page_107_img_2.png,549,179
107,3,page_107_img_3.png,469,153
108,1,page_108_img_1.png,468,152
109,1,page_109_img_1.png,549,179
110,1,page_110_img_1.png,549,179
110,2,page_110_img_2.png,549,180
110,3,page_110_img_3.png,468,152
112,1,page_112_img_1.png,550,178
112,2,page_112_img_2.png,12,14
112,3,page_112_img_3.png,22,17
113,1,page_113_img_1.png,467,151
113,2,page_113_img_2.png,550,179
114,1,page_114_img_1.png,517,293
114,2,page_114_img_2.png,550,179
115,1,page_115_img_1.png,308,101
115,2,page_115_img_2.png,467,151
115,3,page_115_img_3.png,469,153
116,1,page_116_img_1.png,518,293
116,2,page_116_img_2.png,550,179
117,1,page_117_img_1.png,550,179
117,2,page_117_img_2.png,470,154
118,1,page_118_img_1.png,468,152
118,2,page_118_img_2.png,415,235
118,3,page_118_img_3.png,470,154
119,1,page_119_img_1.png,263,100
120,1,page_120_img_1.png,467,151
121,1,page_121_img_1.png,550,179
121,2,page_121_img_2.png,38,19
121,3,page_121_img_3.png,550,179
121,4,page_121_img_4.png,550,179
123,1,page_123_img_1.png,550,179
123,2,page_123_img_2.png,175,134
123,3,page_123_img_3.png,175,134
124,1,page_124_img_1.png,163,134
124,2,page_124_img_2.png,480,168
124,3,page_124_img_3.png,38,19
124,4,page_124_img_4.png,550,178
126,1,page_126_img_1.png,222,324
127,1,page_127_img_1.png,26,18
127,2,page_127_img_2.png,284,216
127,3,page_127_img_3.png,285,216
128,1,page_128_img_1.png,287,218
129,1,page_129_img_1.png,285,216
129,2,page_129_img_2.png,287,216
130,1,page_130_img_1.png,27,19
130,2,page_130_img_2.png,378,216
131,1,page_131_img_1.png,378,217
132,1,page_132_img_1.png,378,217
132,2,page_132_img_2.png,36,19
133,1,page_133_img_1.png,24,20
133,2,page_133_img_2.png,302,244
133,3,page_133_img_3.png,302,244
134,1,page_134_img_1.png,26,19
134,2,page_134_img_2.png,302,244
135,1,page_135_img_1.png,26,19
135,2,page_135_img_2.png,24,20
135,3,page_135_img_3.png,302,244
136,1,page_136_img_1.png,625,178
136,2,page_136_img_2.png,587,153
137,1,page_137_img_1.png,533,153
138,1,page_138_img_1.png,550,179
139,1,page_139_img_1.png,517,293
139,2,page_139_img_2.png,517,293
140,1,page_140_img_1.png,550,179
140,2,page_140_img_2.png,295,100
140,3,page_140_img_3.png,440,250
141,1,page_141_img_1.png,308,101
142,1,page_142_img_1.png,518,293
143,1,page_143_img_1.png,518,293
143,2,page_143_img_2.png,274,100
144,1,page_144_img_1.png,550,179
144,2,page_144_img_2.png,550,179
145,1,page_145_img_1.png,550,178
145,2,page_145_img_2.png,441,251
146,1,page_146_img_1.png,550,179
146,2,page_146_img_2.png,469,153
146,3,page_146_img_3.png,279,92
147,1,page_147_img_1.png,518,293
147,2,page_147_img_2.png,550,178
147,3,page_147_img_3.png,550,179
148,1,page_148_img_1.png,518,293
148,2,page_148_img_2.png,284,100
149,1,page_149_img_1.png,563,344
149,2,page_149_img_2.png,550,179
150,1,page_150_img_1.png,423,259
151,1,page_151_img_1.png,424,262
152,1,page_152_img_1.png,563,344
153,1,page_153_img_1.png,796,319
153,2,page_153_img_2.png,155,199
154,1,page_154_img_1.png,426,264
154,2,page_154_img_2.png,329,151
155,1,page_155_img_1.png,563,344
156,1,page_156_img_1.png,563,347
157,1,page_157_img_1.png,189,264
157,2,page_157_img_2.png,424,259
158,1,page_158_img_1.png,278,173
159,1,page_159_img_1.png,464,423
159,2,page_159_img_2.png,550,179
160,1,page_160_img_1.png,452,345
161,1,page_161_img_1.png,185,110
161,2,page_161_img_2.png,424,260
162,1,page_162_img_1.png,185,93
162,2,page_162_img_2.png,640,182
162,3,page_162_img_3.png,633,350
162,4,page_162_img_4.png,605,266
163,1,page_163_img_1.png,24,23
163,2,page_163_img_2.png,24,23
163,3,page_163_img_3.png,21,26
163,4,page_163_img_4.png,25,20
163,5,page_163_img_5.png,23,21
163,6,page_163_img_6.png,22,22
163,7,page_163_img_7.png,27,22
163,8,page_163_img_8.png,319,196
164,1,page_164_img_1.png,550,178
165,1,page_165_img_1.png,800,583
165,2,page_165_img_2.png,468,152
166,1,page_166_img_1.png,1280,855
166,2,page_166_img_2.png,468,152
167,1,page_167_img_1.png,16,14
167,2,page_167_img_2.png,127,130
167,3,page_167_img_3.png,984,489
168,1,page_168_img_1.png,467,151
169,1,page_169_img_1.png,800,304
169,2,page_169_img_2.png,800,304
170,1,page_170_img_1.png,467,151
170,2,page_170_img_2.png,467,151
171,1,page_171_img_1.png,467,151
172,1,page_172_img_1.png,467,151
172,2,page_172_img_2.png,358,256
173,1,page_173_img_1.png,467,151
173,2,page_173_img_2.png,579,261
174,1,page_174_img_1.png,611,269
174,2,page_174_img_2.png,467,151
175,1,page_175_img_1.png,955,441
175,2,page_175_img_2.png,467,151
176,1,page_176_img_1.png,467,151
176,2,page_176_img_2.png,467,153
177,1,page_177_img_1.png,452,324
177,2,page_177_img_2.png,679,257
178,1,page_178_img_1.png,650,112
178,2,page_178_img_2.png,467,152
179,1,page_179_img_1.png,650,111
179,2,page_179_img_2.png,11,10
179,3,page_179_img_3.png,467,152
180,1,page_180_img_1.png,11,10
180,2,page_180_img_2.png,467,151
180,3,page_180_img_3.png,467,152
181,1,page_181_img_1.png,11,12
181,2,page_181_img_2.png,11,12
181,3,page_181_img_3.png,563,344
182,1,page_182_img_1.png,432,232
182,2,page_182_img_2.png,815,352
183,1,page_183_img_1.png,507,272
183,2,page_183_img_2.png,11,15
183,3,page_183_img_3.png,467,151
184,1,page_184_img_1.png,259,112
184,2,page_184_img_2.png,23,23
184,3,page_184_img_3.png,22,19
184,4,page_184_img_4.png,26,27
184,5,page_184_img_5.png,467,151
185,1,page_185_img_1.png,26,27
185,2,page_185_img_2.png,15,13
186,1,page_186_img_1.png,550,178
187,1,page_187_img_1.png,800,600
188,1,page_188_img_1.png,550,178
189,1,page_189_img_1.png,800,600
190,1,page_190_img_1.png,549,178
190,2,page_190_img_2.png,570,173
191,1,page_191_img_1.png,42,19
191,2,page_191_img_2.png,550,178
191,3,page_191_img_3.png,628,281
191,4,page_191_img_4.png,42,19
192,1,page_192_img_1.png,624,280
192,2,page_192_img_2.png,42,19
192,3,page_192_img_3.png,624,283
193,1,page_193_img_1.png,42,19
193,2,page_193_img_2.png,626,280
193,3,page_193_img_3.png,42,19
194,1,page_194_img_1.png,625,281
194,2,page_194_img_2.png,42,19
194,3,page_194_img_3.png,627,281
